Xook,Pwbjpn,42
Ufqh,Ywyeka,72
Hdgv,Ebskub,30
Epwg,Anbcjm,65
Zyiv,Rihkzt,31
Gslk,Ntkwbu,57
Wdqa,Ylhbdj,40
Nbwa,Wabcna,66
Zxik,Dcktgx,93
Qquk,Benfto,33
Qodg,Ztrubv,62
Bkxf,Agfasn,85
Mgct,Vinxrd,62
Phcz,Ewlvlx,87
Jqrk,Esebtm,61
Ndkn,Qzmwvk,35
Eriv,Ikptir,62
Mcot,Ugnwym,79
Indr,Bkdcgg,96
Xrhy,Fmfvvy,58
Wxmu,Hxnfzr,25
Yszu,Iiszdn,45
Kdzf,Jjwhvv,37
Ypgv,Hkctfj,29
Uwco,Nnbqkp,25
Mhhi,Swobuu,57
Afnf,Uwaxrb,35
Jxcv,Tbrpsa,55
Aosr,Ppsdyl,91
Exke,Pdmjhr,76
Rcfk,Sitegf,50
Xmro,Dqthqr,26
Lyfq,Gfvwdu,62
Udgz,Vkzxkx,37
Birg,Kwnfiz,62
Qyaw,Iubcfb,94
Xgpq,Ywblva,51
Lumn,Rkkyeg,81
Ufsj,Fubcxu,87
Tgos,Cyqacb,78
Mbmo,Qerwqk,37
Ogyg,Flnhfb,72
Nsyc,Ogoqpy,27
Zxqx,Omzrmo,90
Ejhf,Ftmtvq,98
Tyyy,Fnvbim,53
Frhm,Ddkbis,40
Pdcg,Cfkdiz,26
Wtlp,Tbflne,55
Rfys,Yyptyh,74
Dxgq,Uwkvrb,29
Rree,Dnryub,50
Tnvi,Rmdzdc,52
Mrem,Dyjjtx,66
Ebam,Wvshtz,85
Kqky,Zwrdpq,66
Fnis,Gslrra,27
Fjhj,Zmfwjz,77
Bspa,Ywcrep,92
Wrjc,Cxiuos,77
Iseh,Xzzyjb,82
Hqbr,Hsixbr,80
Ksza,Djomin,90
Qadn,Wmflyq,29
Nyaq,Ajtuxh,81
Xjlr,Qatawh,48
Cwye,Zfabzt,70
Mfhg,Raunqc,57
Dsch,Wnphec,30
Pufj,Czcjmd,23
Gymo,Ivsrud,60
Ojpe,Cvxfjf,37
Sorm,Vteqeb,88
Qkgz,Ktjawr,70
Xmtp,Arnbcj,37
Kkyy,Cxybee,93
Kjip,Ufrkad,57
Rslz,Qkvjqu,51
Vmim,Hcmfhj,32
Xzvq,Rruttr,63
Trny,Gpuwgi,86
Jkxm,Cluwky,47
Ksgs,Ttlusm,38
Phwy,Suxdcs,43
Hhsb,Bjyefp,78
Krph,Yufoub,40
Sthd,Wauwav,29
Bgwb,Ugbphr,35
Ahil,Xbfrxc,67
Jyuk,Jxbzgy,72
Twbq,Uzpvdo,49
Okwb,Wguhjw,46
Jnbu,Goxkxr,87
Orrr,Sjqzil,73
Hate,Azwlff,75
Cyng,Pkikao,72
Jwxo,Wetjxc,25
Najt,Yceakr,48
Wnze,Gxiyqv,48
Fvqg,Qkzxyg,65
Nkkt,Lqcvpc,94
Rkaj,Gnfjoj,44
Uwyf,Iupjqb,34
Zihc,Cccyag,90
Rswl,Upxlqu,51
Upsq,Easvta,100
Mrst,Wrdpms,25
Nvhy,Ixcris,62
Ousi,Lwdlon,41
Gjug,Fusmib,45
Ruwk,Yilfqn,35
Mchl,Rarnvd,46
Yoiw,Wxzrfj,97
Tjjw,Phmixg,33
Mbvg,Cnoyhr,77
Cnxm,Qddikf,64
Ojdl,Rpqfza,98
Svwd,Dzovgu,39
Xefe,Yrzqsu,63
Zanm,Vloifo,100
Uqjv,Ljhnvq,68
Jjuy,Oomepz,33
Hvwv,Opikvz,55
Uzwq,Prncxf,88
Qnky,Nknjoq,47
Xlal,Vooinl,68
Jinr,Fjitdn,92
Oqnt,Vteofw,26
Welu,Gxkngl,39
Sjzr,Yoidfo,59
Umjq,Gkerpu,58
Uqnd,Fcfnkq,56
Craz,Wlrjnw,69
Xydj,Pszset,46
Rxes,Iqcokg,95
Nyff,Xyisiw,40
Fcue,Uyklfw,31
Dplz,Sxsnww,82
Ceph,Shwtan,31
Bmel,Xwbhvb,77
Rkqq,Iddsie,58
Ueec,Hfrrbr,34
Yoqt,Fcvxny,54
Tdze,Avhbzy,22
Pxed,Uepyeg,70
Cbec,Hysrvd,66
Uuwy,Ypluqu,46
Vppl,Zjygxt,30
Efhs,Ytkpoy,87
Ildi,Mxcsfq,41
Vzhj,Edosan,80
Lcrr,Sbmqke,49
Dytm,Bveeki,38
Yksh,Vqutni,67
Vezg,Mftjba,99
Fkws,Chaxny,79
Diat,Nzvvml,94
Utdy,Pdnpra,84
Ciir,Exhvqo,72
Ului,Xlonuf,72
Yxie,Knhxgj,50
Rjpm,Lpdnog,88
Lngd,Upnbaw,70
Akxe,Seyypb,27
Rwfp,Xrbbsc,81
Jyun,Wfvpso,42
Mjgk,Httzbd,34
Eusa,Fobbkl,34
Uamf,Iauqwb,87
Ktzl,Odhcbh,27
Hkfb,Oeythu,56
Nqkl,Gpzmpp,45
Ijzv,Vpzsfo,58
Oqiu,Aowbpm,69
Uhvj,Elmbjy,55
Htti,Btgfzz,33
Qbyh,Oqnmxp,52
Mhhb,Lfudqz,95
Fiwi,Cvmycc,74
Oezs,Tdmgbx,91
Nzxr,Cckwvd,68
Gkjc,Dvbaww,63
Zzjs,Suighx,80
Bdah,Hrfech,80
Qufx,Ivazkp,64
Yapx,Diyvsf,37
Lvnc,Tfndfm,61
Qdww,Vcxpxc,80
Uouw,Itafov,56
Yfuv,Wpqvxz,73
Xbvv,Bxzzoe,47
Vego,Dzhdtn,36
Bdtt,Sbrame,35
Crct,Yvcnfo,78
Ypcp,Hhwvwa,49
Xuyc,Zqcfgu,36
Qrkm,Blpimw,76
Nsos,Qpuobz,78
Ukrt,Amfmpz,40
Gcfz,Goeudw,30
Mlwc,Sugtox,26
Ujsc,Cewjxz,86
Yqvd,Hjizxg,97
Mkdg,Aadmls,69
Hszy,Cidtpc,57
Angt,Xgfqnv,43
Vlfu,Rwqmkm,78
Jjqg,Vmqinb,38
Bnxf,Kyzzxp,55
Mctz,Jwyjam,87
Ycwz,Yfhmec,76
Rryg,Lmitol,66
Oscb,Kzymcs,52
Gqgl,Ficect,31
Stah,Rfpcvu,30
Iari,Vmkexg,33
Kbhl,Omptnx,85
Hlzn,Ywmxcf,59
Kaut,Rtgnmb,51
Gqan,Obgzeb,45
Dsgu,Iniajn,56
Mmgu,Tqexjw,60
Mles,Jotqdp,50
Rplg,Qevrgb,36
Ciio,Ylhbjz,44
Wdwy,Fdimyz,56
Aabm,Vqaevn,82
Phjk,Rqirht,73
Nyor,Gruags,50
Xnuc,Jqvxcd,43
Mgnl,Hyqsbe,90
Pqre,Inyhhy,25
Ikzc,Kpfebo,67
Amtr,Aiwwfy,84
Negh,Hscyup,47
Kzwn,Jqkogn,78
Dgmk,Dgtwww,99
Hmgv,Gmnuch,22
Kaoh,Irmdju,81
Xvhk,Eosuwd,82
Jyqq,Yylswb,39
Qzbh,Nqvfmt,54
Hchd,Yshpqi,74
Dcnn,Rciuec,52
Blpo,Qcqqfy,28
Vxkn,Hucnpf,96
Gvej,Qatosk,30
Nrum,Uwikxl,46
Rbed,Kcyynx,78
Qevu,Luumib,32
Iqao,Qbgsne,83
Rbtu,Ymbrpk,42
Njgl,Zzcgut,58
Dflq,Eqwuqp,55
Retr,Msfwoh,90
Znuc,Kygywb,51
Uuna,Cclzqx,89
Mzkk,Qzmppr,41
Aixi,Htojmb,61
Tjfg,Pdzkyy,78
Buid,Fjifzw,72
Pcih,Nixebe,30
Igmk,Zjrjkd,51
Wxhd,Klowbw,41
Jago,Uafmcs,60
Rxyn,Czgdta,31
Qdhe,Refyda,41
Ecvm,Ghotjo,96
Rlou,Vzpgrm,66
Ppmu,Mtzimv,51
Fukm,Rgzeig,36
Nqhg,Iazrey,34
Aafk,Dshccj,22
Qwgy,Ikkecs,37
Rrsw,Ulyjaf,47
Lebk,Sjjefq,80
Xtzs,Avmmou,84
Zzrc,Rdlxek,72
Kpiy,Hmzehw,95
Bgnx,Lupdry,61
Ajgh,Kqisjc,64
Tsta,Fytaru,48
Zrsd,Ovytli,86
Oxqc,Uodjad,71
Rbvs,Ircmss,46
Hmbc,Shxccl,62
Rypf,Ulkeaa,32
Sgun,Fmjojx,86
Gbdc,Biqbwo,46
Jfhs,Sifbqn,27
Pkkd,Fxzwxg,80
Umly,Wqsmkq,99
Qjab,Refkej,51
Pghz,Eywhyx,51
Faly,Tucavx,58
Igix,Iiizdl,74
Zohu,Xcpvdg,46
Mbqw,Gelxlp,80
Zbga,Gsqkkn,45
Bdtn,Chnudr,47
Uvak,Pamhqu,92
Giiw,Pdgucw,86
Bzws,Lcntvt,29
Luki,Bzxeqr,98
Uttm,Pgohsw,45
Tpgm,Azfhzr,75
Ddmy,Wsmejo,87
Fnmm,Ijuphc,54
Cqxw,Nevfiq,90
Ajjf,Ebjvxh,51
Bmls,Tydkgn,78
Vggs,Sonznp,98
Qzgz,Cxbraq,71
Fwdv,Iumjkj,96
Lrnu,Rijsbl,61
Umha,Asquhm,62
Zpgv,Vacghj,54
Lslz,Efpvvh,40
Dvbv,Jlzgbj,96
Pmjn,Ghmxxw,30
Czzl,Dokpqr,78
Ljnb,Lzoids,92
Lfom,Dmrywd,23
Oopt,Hqnaux,78
Unpo,Bwyvaf,88
Ishj,Pampdk,62
Jmfe,Omrxaq,91
Iiwo,Smzswt,32
Whfh,Zkbluo,61
Acjs,Egbstk,22
Oosu,Pdqepg,76
Xwzd,Ramzqo,28
Hffz,Hllbbg,82
Eqlx,Hywgsh,95
Vpsm,Jtuazp,82
Rtyn,Asuzpw,55
Htho,Yfzviy,47
Nsvq,Fbzwzp,23
Vlfs,Wlmecq,77
Zrgz,Uzyaeu,54
Anox,Rvxwns,96
Owid,Lbqynw,61
Xopx,Yudrjf,25
Iqhe,Binnre,40
Abxj,Drhusf,24
Mlxw,Tgpxoi,100
Tytu,Koolbr,28
Joog,Qnqyre,78
Nqlh,Hsxfsb,41
Vzut,Qdbrzi,98
Fpey,Pkezxp,57
Tuyn,Immivw,95
Ylhj,Uoameo,89
Thwg,Sqlaxa,48
Lpyt,Jikwni,77
Amxc,Zrtcim,83
Zcly,Irvicm,56
Cedj,Ufckhb,43
Areg,Wwjzfw,88
Xgwi,Pkuuqq,23
Akrf,Atnsxj,59
Chcd,Xrkxyo,53
Qysa,Hofglg,99
Vqeb,Bnkjio,45
Haby,Gpqelg,44
Bqep,Uekrxt,53
Yxko,Ekylrz,77
Qerh,Eqvwrp,83
Qgxz,Iypbwn,51
Csba,Ywsyta,79
Brjf,Rlkhne,91
Klgu,Xhdrsx,93
Cgcu,Sdzjjw,91
Zwbh,Trkntt,53
Hpxo,Xtfvbv,83
Gzch,Eqacmw,46
Fxed,Xuxhbt,43
Beff,Aiaxch,35
Gxty,Rzogtg,92
Qqqn,Zgxmrl,31
Ufwf,Xbmfvl,23
Aina,Qczfge,69
Lofz,Znsgor,69
Iaag,Penfzq,68
Synm,Dmhlbz,37
Ushs,Ueyqbp,44
Dweo,Mdgofu,100
Ehrp,Hwvzjp,30
Ecae,Uqwrrb,85
Bdek,Qkawgb,62
Oljx,Oblafi,43
Bztw,Lctyxa,84
Sglf,Tdxweo,77
Bfvk,Bwekcw,68
Onip,Olwexv,87
Qwwc,Csfgnp,55
Xhnv,Nkdvrl,71
Fcyl,Tbnzam,89
Qxln,Hxlpxl,78
Hmjs,Kybtfl,94
Cnee,Onnxeu,90
Owig,Evdvgm,22
Jlpj,Dowucl,86
Nixq,Klmkvr,47
Pmjm,Xuiyjv,79
Yyph,Kkskjo,39
Wzjp,Ofxbai,55
Yfjp,Rglrmk,90
Dlik,Wnplhb,29
Dxld,Xspraq,50
Ghyh,Nsixhk,79
Zaim,Azpyik,68
Qidd,Roadjc,26
Tkvu,Gsaftl,65
Lppa,Zcjmzk,64
Snag,Qcdnyj,29
Nwex,Fgiarv,54
Wemj,Okuocu,98
Ovbc,Qyflwu,80
Isis,Gxegub,34
Gshb,Ysekry,79
Adyb,Lesfwe,92
Ttzq,Qavdve,63
Wxkq,Xutlmy,45
Ehvl,Zxogyn,53
Gavl,Yewvpd,84
Hwzt,Oacfkf,39
Tmkd,Ulocta,61
Tfyq,Odmyfb,88
Alth,Kwjuoo,88
Tzdy,Urdkuy,71
Loce,Apjphk,91
Wpqo,Ggftuv,74
Gjcn,Eqncnw,65
Ofcl,Olvlin,32
Eddn,Caqskp,32
Qcbt,Mkeuig,23
Cbfd,Urgrmr,73
Vuab,Pesjxl,41
Doxi,Symyqv,67
Dvev,Guawmm,46
Ygbj,Jhknub,71
Tkkj,Cvvmkd,85
Uzmu,Gpmeru,44
Ljzu,Nysano,42
Ytci,Htjlzp,56
Yoxd,Evwbtv,78
Bjmb,Ntdgoo,46
Jrdv,Jukfis,33
Rjsu,Urdraa,31
Otht,Dkvmwa,84
Rnmo,Fjtyvs,87
Hczm,Xcrmvk,27
Lnzk,Qvuasd,79
Xuxc,Tvdknh,96
Ekha,Artmed,59
Fdch,Rpogpa,71
Hgnp,Eiffcs,37
Zshl,Alikdg,47
Pplm,Drfehf,24
Vvqo,Gdbpph,42
Tuvy,Saiwlc,60
Uaog,Asskto,28
Lafv,Bjjbsi,79
Uifk,Jzlyvv,62
Mkai,Pxypdv,28
Ufic,Qpjoeq,34
Tujm,Wzrqfp,34
Mdjc,Kwmhnk,62
Ghxz,Lhnslg,32
Owzr,Ksmeie,30
Jmjx,Cursnd,65
Ijdg,Ftvclh,31
Anva,Qiqbvp,50
Skyl,Avlayr,60
Naga,Mlpnia,47
Suzt,Uhnsjr,78
Hlru,Vtebky,67
Wjhz,Hdztfg,97
Yxfr,Qxyeio,85
Ptah,Evjdfa,27
Ocie,Dmaixb,24
Pvuy,Gitylm,36
Ardt,Iymtft,37
Ozmk,Etsptm,90
Vsjh,Opdney,46
Aobd,Vwffmf,93
Eqea,Wflegg,66
Udna,Olkjea,31
Appe,Vbmhll,85
Aqto,Bivhrz,56
Cghf,Ifwztj,48
Skcl,Spazkb,100
Cgzp,Flhwoo,89
Gszv,Emttfs,32
Dvac,Ztbdqz,91
Hpgt,Yjqxtt,43
Njwf,Cioblz,39
Qkrb,Nttqbp,34
Aozi,Azgcjf,36
