Xook,Pwbjpn,1981
Ufqh,Ywyeka,1951
Hdgv,Ebskub,1993
Epwg,Anbcjm,1958
Zyiv,Rihkzt,1992
Gslk,Ntkwbu,1966
Wdqa,Ylhbdj,1983
Nbwa,Wabcna,1957
Zxik,Dcktgx,1930
Qquk,Benfto,1990
Qodg,Ztrubv,1961
Bkxf,Agfasn,1938
Mgct,Vinxrd,1961
Phcz,Ewlvlx,1936
Jqrk,Esebtm,1962
Ndkn,Qzmwvk,1988
Eriv,Ikptir,1961
Mcot,Ugnwym,1944
Indr,Bkdcgg,1927
Xrhy,Fmfvvy,1965
Wxmu,Hxnfzr,1998
Yszu,Iiszdn,1978
Kdzf,Jjwhvv,1986
Ypgv,Hkctfj,1994
Uwco,Nnbqkp,1998
Mhhi,Swobuu,1966
Afnf,Uwaxrb,1988
Jxcv,Tbrpsa,1968
Aosr,Ppsdyl,1932
Exke,Pdmjhr,1947
Rcfk,Sitegf,1973
Xmro,Dqthqr,1997
Lyfq,Gfvwdu,1961
Udgz,Vkzxkx,1986
Birg,Kwnfiz,1961
Qyaw,Iubcfb,1929
Xgpq,Ywblva,1972
Lumn,Rkkyeg,1942
Ufsj,Fubcxu,1936
Tgos,Cyqacb,1945
Mbmo,Qerwqk,1986
Ogyg,Flnhfb,1951
Nsyc,Ogoqpy,1996
Zxqx,Omzrmo,1933
Ejhf,Ftmtvq,1925
Tyyy,Fnvbim,1970
Frhm,Ddkbis,1983
Pdcg,Cfkdiz,1997
Wtlp,Tbflne,1968
Rfys,Yyptyh,1949
Dxgq,Uwkvrb,1994
Rree,Dnryub,1973
Tnvi,Rmdzdc,1971
Mrem,Dyjjtx,1957
Ebam,Wvshtz,1938
Kqky,Zwrdpq,1957
Fnis,Gslrra,1996
Fjhj,Zmfwjz,1946
Bspa,Ywcrep,1931
Wrjc,Cxiuos,1946
Iseh,Xzzyjb,1941
Hqbr,Hsixbr,1943
Ksza,Djomin,1933
Qadn,Wmflyq,1994
Nyaq,Ajtuxh,1942
Xjlr,Qatawh,1975
Cwye,Zfabzt,1953
Mfhg,Raunqc,1966
Dsch,Wnphec,1993
Pufj,Czcjmd,2000
Gymo,Ivsrud,1963
Ojpe,Cvxfjf,1986
Sorm,Vteqeb,1935
Qkgz,Ktjawr,1953
Xmtp,Arnbcj,1986
Kkyy,Cxybee,1930
Kjip,Ufrkad,1966
Rslz,Qkvjqu,1972
Vmim,Hcmfhj,1991
Xzvq,Rruttr,1960
Trny,Gpuwgi,1937
Jkxm,Cluwky,1976
Ksgs,Ttlusm,1985
Phwy,Suxdcs,1980
Hhsb,Bjyefp,1945
Krph,Yufoub,1983
Sthd,Wauwav,1994
Bgwb,Ugbphr,1988
Ahil,Xbfrxc,1956
Jyuk,Jxbzgy,1951
Twbq,Uzpvdo,1974
Okwb,Wguhjw,1977
Jnbu,Goxkxr,1936
Orrr,Sjqzil,1950
Hate,Azwlff,1948
Cyng,Pkikao,1951
Jwxo,Wetjxc,1998
Najt,Yceakr,1975
Wnze,Gxiyqv,1975
Fvqg,Qkzxyg,1958
Nkkt,Lqcvpc,1929
Rkaj,Gnfjoj,1979
Uwyf,Iupjqb,1989
Zihc,Cccyag,1933
Rswl,Upxlqu,1972
Upsq,Easvta,1923
Mrst,Wrdpms,1998
Nvhy,Ixcris,1961
Ousi,Lwdlon,1982
Gjug,Fusmib,1978
Ruwk,Yilfqn,1988
Mchl,Rarnvd,1977
Yoiw,Wxzrfj,1926
Tjjw,Phmixg,1990
Mbvg,Cnoyhr,1946
Cnxm,Qddikf,1959
Ojdl,Rpqfza,1925
Svwd,Dzovgu,1984
Xefe,Yrzqsu,1960
Zanm,Vloifo,1923
Uqjv,Ljhnvq,1955
Jjuy,Oomepz,1990
Hvwv,Opikvz,1968
Uzwq,Prncxf,1935
Qnky,Nknjoq,1976
Xlal,Vooinl,1955
Jinr,Fjitdn,1931
Oqnt,Vteofw,1997
Welu,Gxkngl,1984
Sjzr,Yoidfo,1964
Umjq,Gkerpu,1965
Uqnd,Fcfnkq,1967
Craz,Wlrjnw,1954
Xydj,Pszset,1977
Rxes,Iqcokg,1928
Nyff,Xyisiw,1983
Fcue,Uyklfw,1992
Dplz,Sxsnww,1941
Ceph,Shwtan,1992
Bmel,Xwbhvb,1946
Rkqq,Iddsie,1965
Ueec,Hfrrbr,1989
Yoqt,Fcvxny,1969
Tdze,Avhbzy,2001
Pxed,Uepyeg,1953
Cbec,Hysrvd,1957
Uuwy,Ypluqu,1977
Vppl,Zjygxt,1993
Efhs,Ytkpoy,1936
Ildi,Mxcsfq,1982
Vzhj,Edosan,1943
Lcrr,Sbmqke,1974
Dytm,Bveeki,1985
Yksh,Vqutni,1956
Vezg,Mftjba,1924
Fkws,Chaxny,1944
Diat,Nzvvml,1929
Utdy,Pdnpra,1939
Ciir,Exhvqo,1951
Ului,Xlonuf,1951
Yxie,Knhxgj,1973
Rjpm,Lpdnog,1935
Lngd,Upnbaw,1953
Akxe,Seyypb,1996
Rwfp,Xrbbsc,1942
Jyun,Wfvpso,1981
Mjgk,Httzbd,1989
Eusa,Fobbkl,1989
Uamf,Iauqwb,1936
Ktzl,Odhcbh,1996
Hkfb,Oeythu,1967
Nqkl,Gpzmpp,1978
Ijzv,Vpzsfo,1965
Oqiu,Aowbpm,1954
Uhvj,Elmbjy,1968
Htti,Btgfzz,1990
Qbyh,Oqnmxp,1971
Mhhb,Lfudqz,1928
Fiwi,Cvmycc,1949
Oezs,Tdmgbx,1932
Nzxr,Cckwvd,1955
Gkjc,Dvbaww,1960
Zzjs,Suighx,1943
Bdah,Hrfech,1943
Qufx,Ivazkp,1959
Yapx,Diyvsf,1986
Lvnc,Tfndfm,1962
Qdww,Vcxpxc,1943
Uouw,Itafov,1967
Yfuv,Wpqvxz,1950
Xbvv,Bxzzoe,1976
Vego,Dzhdtn,1987
Bdtt,Sbrame,1988
Crct,Yvcnfo,1945
Ypcp,Hhwvwa,1974
Xuyc,Zqcfgu,1987
Qrkm,Blpimw,1947
Nsos,Qpuobz,1945
Ukrt,Amfmpz,1983
Gcfz,Goeudw,1993
Mlwc,Sugtox,1997
Ujsc,Cewjxz,1937
Yqvd,Hjizxg,1926
Mkdg,Aadmls,1954
Hszy,Cidtpc,1966
Angt,Xgfqnv,1980
Vlfu,Rwqmkm,1945
Jjqg,Vmqinb,1985
Bnxf,Kyzzxp,1968
Mctz,Jwyjam,1936
Ycwz,Yfhmec,1947
Rryg,Lmitol,1957
Oscb,Kzymcs,1971
Gqgl,Ficect,1992
Stah,Rfpcvu,1993
Iari,Vmkexg,1990
Kbhl,Omptnx,1938
Hlzn,Ywmxcf,1964
Kaut,Rtgnmb,1972
Gqan,Obgzeb,1978
Dsgu,Iniajn,1967
Mmgu,Tqexjw,1963
Mles,Jotqdp,1973
Rplg,Qevrgb,1987
Ciio,Ylhbjz,1979
Wdwy,Fdimyz,1967
Aabm,Vqaevn,1941
Phjk,Rqirht,1950
Nyor,Gruags,1973
Xnuc,Jqvxcd,1980
Mgnl,Hyqsbe,1933
Pqre,Inyhhy,1998
Ikzc,Kpfebo,1956
Amtr,Aiwwfy,1939
Negh,Hscyup,1976
Kzwn,Jqkogn,1945
Dgmk,Dgtwww,1924
Hmgv,Gmnuch,2001
Kaoh,Irmdju,1942
Xvhk,Eosuwd,1941
Jyqq,Yylswb,1984
Qzbh,Nqvfmt,1969
Hchd,Yshpqi,1949
Dcnn,Rciuec,1971
Blpo,Qcqqfy,1995
Vxkn,Hucnpf,1927
Gvej,Qatosk,1993
Nrum,Uwikxl,1977
Rbed,Kcyynx,1945
Qevu,Luumib,1991
Iqao,Qbgsne,1940
Rbtu,Ymbrpk,1981
Njgl,Zzcgut,1965
Dflq,Eqwuqp,1968
Retr,Msfwoh,1933
Znuc,Kygywb,1972
Uuna,Cclzqx,1934
Mzkk,Qzmppr,1982
Aixi,Htojmb,1962
Tjfg,Pdzkyy,1945
Buid,Fjifzw,1951
Pcih,Nixebe,1993
Igmk,Zjrjkd,1972
Wxhd,Klowbw,1982
Jago,Uafmcs,1963
Rxyn,Czgdta,1992
Qdhe,Refyda,1982
Ecvm,Ghotjo,1927
Rlou,Vzpgrm,1957
Ppmu,Mtzimv,1972
Fukm,Rgzeig,1987
Nqhg,Iazrey,1989
Aafk,Dshccj,2001
Qwgy,Ikkecs,1986
Rrsw,Ulyjaf,1976
Lebk,Sjjefq,1943
Xtzs,Avmmou,1939
Zzrc,Rdlxek,1951
Kpiy,Hmzehw,1928
Bgnx,Lupdry,1962
Ajgh,Kqisjc,1959
Tsta,Fytaru,1975
Zrsd,Ovytli,1937
Oxqc,Uodjad,1952
Rbvs,Ircmss,1977
Hmbc,Shxccl,1961
Rypf,Ulkeaa,1991
Sgun,Fmjojx,1937
Gbdc,Biqbwo,1977
Jfhs,Sifbqn,1996
Pkkd,Fxzwxg,1943
Umly,Wqsmkq,1924
Qjab,Refkej,1972
Pghz,Eywhyx,1972
Faly,Tucavx,1965
Igix,Iiizdl,1949
Zohu,Xcpvdg,1977
Mbqw,Gelxlp,1943
Zbga,Gsqkkn,1978
Bdtn,Chnudr,1976
Uvak,Pamhqu,1931
Giiw,Pdgucw,1937
Bzws,Lcntvt,1994
Luki,Bzxeqr,1925
Uttm,Pgohsw,1978
Tpgm,Azfhzr,1948
Ddmy,Wsmejo,1936
Fnmm,Ijuphc,1969
Cqxw,Nevfiq,1933
Ajjf,Ebjvxh,1972
Bmls,Tydkgn,1945
Vggs,Sonznp,1925
Qzgz,Cxbraq,1952
Fwdv,Iumjkj,1927
Lrnu,Rijsbl,1962
Umha,Asquhm,1961
Zpgv,Vacghj,1969
Lslz,Efpvvh,1983
Dvbv,Jlzgbj,1927
Pmjn,Ghmxxw,1993
Czzl,Dokpqr,1945
Ljnb,Lzoids,1931
Lfom,Dmrywd,2000
Oopt,Hqnaux,1945
Unpo,Bwyvaf,1935
Ishj,Pampdk,1961
Jmfe,Omrxaq,1932
Iiwo,Smzswt,1991
Whfh,Zkbluo,1962
Acjs,Egbstk,2001
Oosu,Pdqepg,1947
Xwzd,Ramzqo,1995
Hffz,Hllbbg,1941
Eqlx,Hywgsh,1928
Vpsm,Jtuazp,1941
Rtyn,Asuzpw,1968
Htho,Yfzviy,1976
Nsvq,Fbzwzp,2000
Vlfs,Wlmecq,1946
Zrgz,Uzyaeu,1969
Anox,Rvxwns,1927
Owid,Lbqynw,1962
Xopx,Yudrjf,1998
Iqhe,Binnre,1983
Abxj,Drhusf,1999
Mlxw,Tgpxoi,1923
Tytu,Koolbr,1995
Joog,Qnqyre,1945
Nqlh,Hsxfsb,1982
Vzut,Qdbrzi,1925
Fpey,Pkezxp,1966
Tuyn,Immivw,1928
Ylhj,Uoameo,1934
Thwg,Sqlaxa,1975
Lpyt,Jikwni,1946
Amxc,Zrtcim,1940
Zcly,Irvicm,1967
Cedj,Ufckhb,1980
Areg,Wwjzfw,1935
Xgwi,Pkuuqq,2000
Akrf,Atnsxj,1964
Chcd,Xrkxyo,1970
Qysa,Hofglg,1924
Vqeb,Bnkjio,1978
Haby,Gpqelg,1979
Bqep,Uekrxt,1970
Yxko,Ekylrz,1946
Qerh,Eqvwrp,1940
Qgxz,Iypbwn,1972
Csba,Ywsyta,1944
Brjf,Rlkhne,1932
Klgu,Xhdrsx,1930
Cgcu,Sdzjjw,1932
Zwbh,Trkntt,1970
Hpxo,Xtfvbv,1940
Gzch,Eqacmw,1977
Fxed,Xuxhbt,1980
Beff,Aiaxch,1988
Gxty,Rzogtg,1931
Qqqn,Zgxmrl,1992
Ufwf,Xbmfvl,2000
Aina,Qczfge,1954
Lofz,Znsgor,1954
Iaag,Penfzq,1955
Synm,Dmhlbz,1986
Ushs,Ueyqbp,1979
Dweo,Mdgofu,1923
Ehrp,Hwvzjp,1993
Ecae,Uqwrrb,1938
Bdek,Qkawgb,1961
Oljx,Oblafi,1980
Bztw,Lctyxa,1939
Sglf,Tdxweo,1946
Bfvk,Bwekcw,1955
Onip,Olwexv,1936
Qwwc,Csfgnp,1968
Xhnv,Nkdvrl,1952
Fcyl,Tbnzam,1934
Qxln,Hxlpxl,1945
Hmjs,Kybtfl,1929
Cnee,Onnxeu,1933
Owig,Evdvgm,2001
Jlpj,Dowucl,1937
Nixq,Klmkvr,1976
Pmjm,Xuiyjv,1944
Yyph,Kkskjo,1984
Wzjp,Ofxbai,1968
Yfjp,Rglrmk,1933
Dlik,Wnplhb,1994
Dxld,Xspraq,1973
Ghyh,Nsixhk,1944
Zaim,Azpyik,1955
Qidd,Roadjc,1997
Tkvu,Gsaftl,1958
Lppa,Zcjmzk,1959
Snag,Qcdnyj,1994
Nwex,Fgiarv,1969
Wemj,Okuocu,1925
Ovbc,Qyflwu,1943
Isis,Gxegub,1989
Gshb,Ysekry,1944
Adyb,Lesfwe,1931
Ttzq,Qavdve,1960
Wxkq,Xutlmy,1978
Ehvl,Zxogyn,1970
Gavl,Yewvpd,1939
Hwzt,Oacfkf,1984
Tmkd,Ulocta,1962
Tfyq,Odmyfb,1935
Alth,Kwjuoo,1935
Tzdy,Urdkuy,1952
Loce,Apjphk,1932
Wpqo,Ggftuv,1949
Gjcn,Eqncnw,1958
Ofcl,Olvlin,1991
Eddn,Caqskp,1991
Qcbt,Mkeuig,2000
Cbfd,Urgrmr,1950
Vuab,Pesjxl,1982
Doxi,Symyqv,1956
Dvev,Guawmm,1977
Ygbj,Jhknub,1952
Tkkj,Cvvmkd,1938
Uzmu,Gpmeru,1979
Ljzu,Nysano,1981
Ytci,Htjlzp,1967
Yoxd,Evwbtv,1945
Bjmb,Ntdgoo,1977
Jrdv,Jukfis,1990
Rjsu,Urdraa,1992
Otht,Dkvmwa,1939
Rnmo,Fjtyvs,1936
Hczm,Xcrmvk,1996
Lnzk,Qvuasd,1944
Xuxc,Tvdknh,1927
Ekha,Artmed,1964
Fdch,Rpogpa,1952
Hgnp,Eiffcs,1986
Zshl,Alikdg,1976
Pplm,Drfehf,1999
Vvqo,Gdbpph,1981
Tuvy,Saiwlc,1963
Uaog,Asskto,1995
Lafv,Bjjbsi,1944
Uifk,Jzlyvv,1961
Mkai,Pxypdv,1995
Ufic,Qpjoeq,1989
Tujm,Wzrqfp,1989
Mdjc,Kwmhnk,1961
Ghxz,Lhnslg,1991
Owzr,Ksmeie,1993
Jmjx,Cursnd,1958
Ijdg,Ftvclh,1992
Anva,Qiqbvp,1973
Skyl,Avlayr,1963
Naga,Mlpnia,1976
Suzt,Uhnsjr,1945
Hlru,Vtebky,1956
Wjhz,Hdztfg,1926
Yxfr,Qxyeio,1938
Ptah,Evjdfa,1996
Ocie,Dmaixb,1999
Pvuy,Gitylm,1987
Ardt,Iymtft,1986
Ozmk,Etsptm,1933
Vsjh,Opdney,1977
Aobd,Vwffmf,1930
Eqea,Wflegg,1957
Udna,Olkjea,1992
Appe,Vbmhll,1938
Aqto,Bivhrz,1967
Cghf,Ifwztj,1975
Skcl,Spazkb,1923
Cgzp,Flhwoo,1934
Gszv,Emttfs,1991
Dvac,Ztbdqz,1932
Hpgt,Yjqxtt,1980
Njwf,Cioblz,1984
Qkrb,Nttqbp,1989
Aozi,Azgcjf,1987
